segment,n,fix7_in,fix7_out,draft_in,draft_out,user_in,user_out
E01_120-240s,1,119.650,121.150,119.650,121.150,119.650,121.150
E01_120-240s,2,121.150,123.010,121.150,123.010,121.150,123.010
E01_120-240s,3,123.080,124.520,123.080,124.520,123.080,124.520
E01_120-240s,4,125.610,128.220,125.610,128.220,125.610,128.220
E01_120-240s,5,128.800,130.190,128.800,130.190,128.800,130.190
E01_120-240s,6,130.190,131.660,130.190,131.660,130.190,131.660
E01_120-240s,7,131.660,133.120,131.660,133.120,131.660,133.120
E01_120-240s,8,133.190,135.610,133.190,135.690,133.190,135.690
E01_120-240s,9,135.610,137.860,135.690,137.870,135.690,137.870
E01_120-240s,10,138.600,139.830,138.600,139.830,138.600,139.830
E01_120-240s,11,139.900,141.700,139.900,141.700,139.900,141.700
E01_120-240s,12,141.770,143.130,141.770,143.140,141.770,143.140
E01_120-240s,13,143.200,145.460,143.210,145.460,143.210,145.460
E01_120-240s,14,145.460,147.880,145.460,147.880,145.460,147.880
E01_120-240s,15,147.880,149.770,147.880,149.770,147.880,149.770
E01_120-240s,16,149.840,152.290,150.350,152.010,150.276,152.010
E01_120-240s,17,152.290,155.950,152.230,155.780,152.296,155.780
E01_120-240s,18,156.800,160.450,156.800,160.460,156.800,160.460
E01_120-240s,19,160.520,161.560,160.530,161.560,160.530,161.683
E01_120-240s,20,165.560,167.960,165.500,167.960,165.540,167.873
E01_120-240s,21,170.570,171.800,170.450,171.800,170.520,171.861
E01_120-240s,22,171.800,173.940,171.800,173.940,171.929,174.008
E01_120-240s,23,175.270,176.200,175.200,176.200,175.258,176.245
E01_120-240s,24,177.430,178.240,177.310,178.820,177.417,178.820
E01_120-240s,25,182.210,183.550,182.116,183.750,182.116,183.750
E01_120-240s,26,200.660,201.930,200.740,201.930,200.797,201.930
E01_120-240s,27,202.000,204.420,202.000,204.310,202.000,204.432
E01_120-240s,28,204.420,206.100,204.310,206.030,204.432,206.052
E01_120-240s,29,206.100,207.670,206.030,207.240,206.052,207.672
E01_120-240s,30,207.740,209.170,207.740,209.170,207.740,209.321
E01_120-240s,31,209.800,211.470,209.800,211.470,209.774,211.501
E01_120-240s,32,211.470,213.070,211.470,213.070,211.501,213.070
E01_120-240s,33,213.140,215.010,213.140,214.860,213.140,214.715
E01_120-240s,34,215.080,216.840,215.080,216.600,215.080,216.664
E01_120-240s,35,216.840,218.250,216.670,218.250,216.744,218.250
E01_120-240s,36,218.810,219.810,218.530,219.700,218.731,219.700
E01_120-240s,37,220.390,221.950,220.390,221.950,220.390,221.950
E01_120-240s,38,221.950,223.250,221.950,223.250,221.950,223.250
E01_120-240s,39,223.830,224.980,223.830,224.980,223.830,224.679
E01_120-240s,40,224.980,226.690,224.980,226.690,224.958,226.735
E01_120-240s,41,227.740,228.890,227.670,228.890,227.869,228.890
E01_120-240s,42,228.960,230.890,228.960,230.890,228.960,230.890
E01_120-240s,43,230.960,233.790,230.960,233.790,230.960,233.705
E01_120-240s,44,233.860,236.630,233.860,236.770,233.838,236.770
E01_240-360s,1,242.090,244.770,242.090,244.770,242.090,244.770
E01_240-360s,2,244.770,246.140,244.770,246.140,244.770,246.140
E01_240-360s,3,249.140,250.930,249.140,250.930,249.140,250.930
E01_240-360s,4,250.930,252.480,250.930,252.719,250.930,252.719
E01_240-360s,5,253.280,254.150,253.270,254.150,253.270,254.150
E01_240-360s,6,254.220,255.550,254.220,255.550,254.220,255.550
E01_240-360s,7,256.680,258.880,256.680,258.880,256.795,258.880
E01_240-360s,8,258.880,261.120,258.880,261.120,259.121,261.120
E01_240-360s,9,261.190,262.660,261.190,262.660,261.190,262.660
E01_240-360s,10,262.660,265.190,262.660,265.190,262.660,265.014
E01_240-360s,11,265.260,266.480,265.260,266.480,265.260,266.480
E01_240-360s,12,266.480,268.630,266.480,268.630,266.480,268.630
E01_240-360s,13,268.630,270.200,268.630,270.200,268.630,270.907
E01_240-360s,14,271.590,273.160,271.590,273.160,271.577,273.160
E01_240-360s,15,273.230,274.870,273.230,274.870,273.230,275.570
E01_240-360s,17,275.570,276.630,275.570,276.630,275.570,276.630
E01_240-360s,18,277.690,279.140,277.690,279.140,277.663,279.140
E01_240-360s,19,281.980,283.810,282.020,283.810,281.982,283.810
E01_240-360s,20,283.880,285.010,283.880,285.010,283.880,285.010
E01_240-360s,21,291.490,292.720,291.490,292.397,291.476,292.397
E01_240-360s,22,295.060,297.760,295.060,297.760,295.043,297.760
E01_240-360s,23,298.660,300.190,298.660,300.190,298.577,299.892
E01_240-360s,24,302.070,304.530,302.070,304.530,302.042,304.530
E01_240-360s,25,306.370,308.240,306.370,308.240,306.370,308.240
E01_240-360s,26,310.340,312.570,310.310,312.570,310.310,312.570
E01_240-360s,27,312.570,314.210,312.570,314.210,312.570,314.210
E01_240-360s,28,314.280,315.940,314.280,315.940,314.280,315.940
E01_240-360s,29,316.010,317.020,316.010,317.050,316.010,317.050
E01_240-360s,30,317.090,319.380,317.090,319.380,317.118,319.311
E01_240-360s,31,319.380,321.210,319.380,320.907,319.311,320.907
E01_240-360s,32,321.280,322.380,321.280,322.380,321.264,322.380
E01_240-360s,33,322.450,323.540,322.450,323.540,322.450,323.540
E01_240-360s,34,323.540,325.050,323.540,325.050,323.540,325.050
E01_240-360s,35,325.700,327.860,325.690,327.860,325.690,327.764
E01_240-360s,36,328.390,330.990,328.390,330.990,328.382,330.990
E01_240-360s,37,331.060,332.960,331.060,332.960,331.060,332.960
E01_240-360s,38,333.030,335.200,333.030,335.235,333.030,335.235
E01_240-360s,39,336.350,338.730,336.350,338.730,336.320,339.303
E01_240-360s,40,343.740,344.740,343.740,344.740,343.609,344.740
E01_240-360s,41,344.810,345.870,344.810,345.870,344.811,345.871
E01_240-360s,42,346.970,348.070,346.970,348.070,346.947,347.936
E01_240-360s,43,348.140,350.910,348.140,350.910,347.940,350.987
E01_240-360s,44,351.450,353.550,351.450,353.550,351.328,353.550
E01_240-360s,45,355.220,357.120,355.220,357.120,355.299,357.096
E01_240-360s,46,357.120,360.050,357.120,360.050,357.096,359.977
